"id","firstname","lastname","company_name","country","address","company_age"
"1","Yvonne","Keeling","O'Connell-Rogahn","Thailand","76449 Jonas Courts
West Willie, AL 32899","9"
"2","Reid","Steuber","Jenkins, Stehr and O'Hara","Vietnam","174 Thad Bypass Suite 403
Audreannemouth, MS 49894","6"
"3","Marilie","Willms","Gulgowski Ltd","Japan","264 Predovic Locks Apt. 174
Carterchester, KY 33447","15"
"4","Carlotta","Jacobi","Kuhn-Flatley","Vietnam","537 Larkin Street
Macejkovicfurt, NY 90074","4"
"5","Ocie","Powlowski","Runolfsson Group","Japan","535 Stiedemann Extension Apt. 789
Lake Viola, LA 61866-0979","9"
"6","Emilia","Zemlak","D'Amore, Aufderhar and Heaney","Myanmar","311 Orn Crest
Kayaburgh, VT 64412-2237","3"
"7","Cary","McGlynn","Casper, Nikolaus and Purdy","Thailand","14903 Haley Canyon
Johnsonborough, MO 40517","7"
"8","Ken","Conroy","Stoltenberg-Becker","Thailand","5478 Ursula Road
Lake Paxtonfurt, CT 23580","9"
"9","Lisandro","Homenick","Considine-Stroman","Myanmar","719 Funk Avenue Suite 592
Port Maeganside, MT 58753-2347","3"
"10","Alessandra","Metz","Runolfsdottir Inc","Thailand","431 Stehr Bypass Suite 254
South Parkerfort, WY 85357","12"
"11","Enola","Turcotte","Haley Inc","Japan","628 Smitham Drive Apt. 291
New Daphney, MI 97912","9"
"12","Braden","Berge","Wiegand and Sons","Myanmar","452 Lilly Mission Suite 217
Cristopherland, WV 05279-5309","3"
"13","Albert","Mayer","Rodriguez Ltd","Myanmar","95900 Schowalter Knolls Apt. 931
North Ara, MD 98617","3"
"14","Kali","Beatty","Runte, Casper and Cole","Vietnam","3068 Brady Falls
Colefurt, PA 26007-2569","5"
"15","Ethan","Jerde","Walter-Morar","Japan","5009 Reichert Way Suite 236
South Amelieshire, CO 71947-7403","16"
"16","Wilhelm","Weber","Collier Inc","Japan","1287 Padberg Vista Suite 616
Skilesport, MT 73886-4712","12"
"17","Kelsi","Kiehn","Treutel-Walker","Singapore","318 Freddie Fords
East Kailynstad, OK 23315-5724","5"
"18","Yasmeen","Wolff","Boehm-Lueilwitz","Vietnam","1675 Murphy Circle
Marksport, MD 11452","6"
"19","Fiona","Senger","Steuber, Hettinger and Bahringer","Myanmar","5788 Vincenzo Stravenue Apt. 922
Willbury, OH 37429","3"
"20","Mohamed","Hahn","Fritsch, Schiller and Fay","Vietnam","90439 Kautzer Row Suite 444
East Kyleigh, MO 44617","4"
"21","Roel","Herzog","Green, Koch and Moore","Japan","698 Laurianne Knoll
Aufderharborough, SC 22330","11"
"22","Stephania","Kozey","Rodriguez-Huel","Singapore","78246 Douglas Plains Apt. 902
New Gaetanoside, MN 04692-5695","6"
"23","Alejandra","Johnston","Emard and Sons","Singapore","594 Zoe Coves Apt. 978
Powlowskichester, UT 18420","7"
"24","Kaela","Fadel","Cormier, Johnson and Abernathy","Singapore","973 Dietrich Drive Suite 987
South Ruthe, NE 50098-1677","7"
"25","Priscilla","Spencer","Thompson LLC","Japan","29143 Nelle Trail
Emiliaview, KY 66520-5976","8"
"26","London","Predovic","Hintz, Effertz and Jaskolski","Myanmar","44420 Kris Mill
Vincenttown, AZ 82686-6786","3"
"27","Aliyah","Leffler","Bartoletti, Marks and Daugherty","Japan","372 Buckridge Mountain Apt. 431
South Nasirbury, MO 49252","12"
"28","Randall","Cruickshank","Nikolaus Inc","Thailand","44414 Mills Rest
East Cyril, NH 23787","9"
"29","Adah","Pollich","Ryan-Heathcote","Thailand","7928 Bauch Plains
North Katherine, MN 49346","9"
"30","Reid","Johnston","Anderson, Wilderman and Harvey","Singapore","802 Bayer Wall Apt. 474
West Makaylahaven, SC 12588-8094","8"
"31","Jerome","Leannon","Hahn, Grant and Lynch","Vietnam","4014 O'Hara Roads
New Antonetteborough, CO 30276","6"
"32","Garret","Yost","Reynolds, Witting and Dietrich","Thailand","48508 Linda Wall
North Lucienne, NJ 91996-8539","12"
"33","Bert","Goodwin","Zboncak Ltd","Myanmar","422 Adolph Well Apt. 108
Elliotthaven, OH 03520","3"
"34","Chelsey","Roberts","King-Luettgen","Japan","61711 Mante Glen Suite 350
Kshlerinmouth, KY 71749-9502","11"
"35","Adell","Robel","Mohr Inc","Myanmar","21189 Dooley Manor
Lynchville, KY 65757-7368","3"
"36","Della","Hermiston","Bednar-Larkin","Japan","5294 Jodie Junctions
Mitchellland, WY 78317-7434","12"
"37","Ariel","Effertz","Schinner-Jacobs","Thailand","55161 Rory Circles
Greenfelderfurt, OK 61903","10"
"38","Clyde","Hermann","Hermann LLC","Thailand","294 Lenny Road Apt. 750
O'Reillymouth, NM 30999-7317","8"
"39","Kevin","Roberts","Littel, Lind and Wyman","Singapore","686 Troy Square Suite 544
New Dalehaven, HI 30286-1651","7"
"40","Newell","Pouros","Kohler-Hills","Vietnam","499 Ratke Vista Suite 087
Alvischester, MN 37145","5"
"41","Samson","Dietrich","Lubowitz, Green and Bode","Thailand","4399 Max Loop Apt. 118
Hanemouth, AL 61219-9596","8"
"42","Stephany","Hoppe","Krajcik, Donnelly and McDermott","Japan","6087 Cortney Rue
New Hilbert, VT 74230-3523","10"
"43","Allen","Yost","Armstrong, Raynor and Walsh","Thailand","23012 Trisha Trail Apt. 519
Goldnerchester, NH 81394","10"
"44","Brandyn","Reinger","Medhurst Ltd","Japan","81264 Gerlach Summit Suite 356
North Robbbury, WA 66622","7"
"45","Dimitri","Wiza","Murray, Graham and Kozey","Singapore","3138 Bradtke Mill
Kilbackville, LA 08520-9089","4"
"46","Mossie","Doyle","Kris Group","Thailand","652 Seamus Throughway
Kulasview, DC 88078-1470","9"
"47","Lottie","Price","Gislason-Kemmer","Thailand","15142 Audrey Courts Apt. 317
South Frederique, AZ 67533","9"
"48","Thomas","Johnson","Carroll, Gerlach and Mayert","Thailand","6152 Alexandrine Fall
North Janiya, UT 64164","7"
"49","Faustino","Shields","Ward-Shields","Thailand","17656 Collier Island Apt. 488
Cedrickfort, MT 77203-4492","10"
"50","Shannon","Heidenreich","O'Kon PLC","Japan","69391 Bayer Summit Suite 043
New Joaquin, CT 31342-7405","10"
"51","Pasquale","Ankunding","Boyle, Abernathy and Morissette","Thailand","99683 Hintz Fords
South Alexandraport, OR 80782","9"
"52","Eliza","Gutkowski","O'Hara, Lesch and Harris","Myanmar","709 Friesen Springs Suite 194
Jedview, WI 66248-8728","3"
"53","Jace","Hermann","Hamill-Watsica","Myanmar","3322 Bauch Dam
Jacobsland, CT 76503","3"
"54","Carrie","Flatley","Armstrong-O'Kon","Singapore","30448 Wiza Estate Suite 633
South Budfort, CO 85958","7"
"55","Cristina","Kerluke","Bergnaum and Sons","Singapore","1981 Kshlerin Trafficway Apt. 883
Vandervortton, AR 11517","8"
"56","Macie","Rodriguez","Ward-Huels","Thailand","3917 Crooks Road Suite 734
North Leatha, WV 94133-5245","10"
"57","Tyree","Hane","Schaden Group","Vietnam","53492 Quigley Street Suite 489
Grimesfurt, OH 59301-7718","5"
"58","Mallory","Little","Mann and Sons","Vietnam","519 Kshlerin Pass
East Myrl, OR 90319-7062","5"
"59","Grover","Gutkowski","Emmerich, Orn and Renner","Vietnam","646 Precious Isle Suite 526
Kalemouth, OR 65862","4"
"60","Newton","Schmeler","Carroll, Hagenes and Feeney","Vietnam","613 Herbert Forges Suite 037
Dickinsonbury, VA 70078","5"
"61","Stephanie","Monahan","Sporer, Kuhic and Johnson","Myanmar","313 Helga Key
Rachelleland, ME 17852","3"
"62","Hershel","Effertz","Goldner LLC","Thailand","97130 Shanahan Islands Suite 020
Kyleeland, ND 91540","10"
"63","Michelle","Wunsch","Kunze, Effertz and Mertz","Vietnam","414 Okuneva Point Suite 935
Wizaburgh, MA 12795","4"
"64","Citlalli","Sawayn","Sanford, Fay and Okuneva","Thailand","26009 Gaston Mountain Apt. 608
Enolatown, DE 19384","9"
"65","Adolphus","Dietrich","Klocko-West","Singapore","8843 Rohan Islands Apt. 996
Anahaven, CA 02819","9"
"66","Laverna","Swift","Wolff, O'Connell and Leffler","Singapore","8257 Rippin Shoal Suite 987
Lake Davon, RI 08735","7"
"67","Moises","Hegmann","Adams-Nolan","Thailand","810 Stephanie Forge
West Reyesberg, NC 60410-3927","10"
"68","Casimir","Mertz","Predovic, Reilly and Nolan","Vietnam","459 Marquardt Lakes Suite 364
Santahaven, RI 18405","5"
"69","Carey","Wiegand","Brakus, Langworth and Reilly","Myanmar","366 Savion Route Suite 519
Johnstonfurt, MO 86445-9490","3"
"70","Katrina","Feil","Luettgen-Thompson","Japan","9946 Jerde Villages Suite 320
Josefaburgh, CT 95618-8478","14"
"71","Dominique","Blick","Weimann, Champlin and Nolan","Singapore","23018 Hailee Fort
North Artstad, CA 54501-8795","7"
"72","Eli","Beahan","Kautzer Group","Singapore","48200 Kennedi Mill Suite 090
Jodyside, GA 06352-6452","6"
"73","Ena","Schoen","Stiedemann-White","Thailand","460 Ocie Square
South Kellieside, SC 32770-0753","8"
"74","Jake","Auer","Lynch, Eichmann and Brekke","Thailand","649 Jaeden Forges Suite 244
West Brendan, MN 70810-1230","5"
"75","Muriel","Marks","Beer-Hand","Myanmar","53617 Marvin Center Suite 451
South Meggie, AL 11327-4394","3"
"76","Alverta","Davis","Larkin, Doyle and Koch","Vietnam","3902 Orn Ford Apt. 497
Prohaskaborough, AL 49364-4701","6"
"77","Edd","Schultz","Larkin-Pollich","Myanmar","97706 Herzog Key Apt. 326
West Matildaville, NE 40967","3"
"78","Layne","Bernier","King, Baumbach and Langworth","Vietnam","916 Tremaine Dam
West Novella, CO 72517","5"
"79","Dawn","Hessel","Crona, Emard and Bahringer","Vietnam","192 Kristoffer Spur
Cormierhaven, MO 21710-1062","6"
"80","Morton","Labadie","Osinski-Luettgen","Vietnam","3081 Jenkins Cliffs Apt. 430
Port Cleobury, NH 57704","6"
"81","Antonietta","Bashirian","Hudson Ltd","Singapore","874 Hill Fort Suite 127
South Haven, MT 20931","5"
"82","Gerry","Morissette","Bahringer-Satterfield","Vietnam","7045 Willms Shore
Herminafurt, NJ 72329","6"
"83","Pansy","Wuckert","Langosh, Howell and Schimmel","Thailand","7270 Richard Extensions Suite 642
West Jackelineview, KS 13411-4301","13"
"84","Tony","Legros","O'Conner, Monahan and Reilly","Myanmar","708 Marlee Light Suite 053
East Corine, GA 82912","3"
"85","Rodolfo","Kshlerin","Gutmann LLC","Singapore","5718 General Ferry Apt. 032
Lake Arjuntown, SD 40640","7"
"86","Gilda","Lesch","Sipes Ltd","Vietnam","34362 Ben Park Suite 470
South Elna, WV 53172","4"
"87","Bernita","Reynolds","Lind-Kohler","Vietnam","453 Ferry Forks Apt. 452
West Walterside, IN 82375","5"
"88","Rubye","Beahan","Konopelski Inc","Vietnam","415 Kub Summit
Ephraimshire, MO 26345-5450","4"
"89","Rae","Hyatt","Mosciski, Kutch and Kub","Japan","6836 Osbaldo Road Apt. 309
Aufderharburgh, ME 13743-9842","15"
"90","Roselyn","Maggio","Jast Ltd","Myanmar","74987 Rau Parkway Apt. 562
Tressaton, KY 93267","3"
"91","Rudolph","Hayes","Casper Ltd","Myanmar","344 Braun Path
Turnerside, VA 48696","3"
"92","Beaulah","Maggio","Kshlerin-Quigley","Singapore","257 Runte Greens
West Blancaberg, MN 10960-1673","9"
"93","Delta","Jaskolski","Reichert, Cummerata and Greenholt","Singapore","9678 Quitzon Stream Apt. 146
East Makenna, NV 61234-1941","5"
"94","Ahmad","Rodriguez","Zboncak, Reichel and VonRueden","Japan","869 Block Flats Apt. 621
Port Gilbertfurt, LA 05988","14"
"95","Terrell","Becker","Wintheiser, Mraz and Kohler","Singapore","761 Althea Lodge
South Josefurt, OR 52044","5"
"96","Beulah","Terry","Schaefer PLC","Thailand","1276 Gabe Roads Suite 728
Trentmouth, AK 29341","9"
"97","Gia","Leuschke","Huel and Sons","Thailand","6277 Sammie Road
Konopelskiville, MO 84325","7"
"98","Uriah","Fritsch","Goldner, Ledner and Schmidt","Myanmar","3065 Jazmyne Loop Apt. 696
Jordaneview, ME 97769-2887","3"
"99","Narciso","Smitham","Grimes Group","Myanmar","346 Eulalia Viaduct
Angelinemouth, IN 99431-8619","3"
"100","Torey","Parisian","Keebler-Cormier","Vietnam","561 Colleen Fords
Tristinton, GA 35094","4"
